,Coverage,HDI Rank,Country,1990,1991,1992,1993,1994,1995,1996,1997,1998,1999,2000,2001,2002,2003,2004,2005,2006,2007,2008,2009,2010,2011,2012,2013,2014,2015,2016,2017,2018,2019,OneMoreColumn
0,Country,169.0,Afghanistan,0.302,0.307,0.316,0.312,0.307,0.331,0.335,0.33899999999999997,0.344,0.348,0.35,0.353,0.384,0.39299999999999996,0.409,0.418,0.429,0.447,0.447,0.46,0.47200000000000003,0.47700000000000004,0.489,0.496,0.5,0.5,0.502,0.506,0.509,1.022,1.02
1,Country,69.0,Albania,0.65,0.631,0.615,0.618,0.624,0.637,0.6459999999999999,0.645,0.655,0.665,0.6709999999999999,0.6779999999999999,0.684,0.691,0.696,0.706,0.713,0.722,0.728,0.733,0.745,0.764,0.775,0.782,0.787,0.7879999999999999,0.7879999999999999,0.79,0.792,1.59,1.5870000000000002
2,Country,91.0,Algeria,0.5720000000000001,0.5760000000000001,0.5820000000000001,0.586,0.59,0.595,0.602,0.611,0.621,0.629,0.637,0.647,0.657,0.667,0.677,0.685,0.69,0.7,0.7020000000000001,0.711,0.721,0.728,0.728,0.7290000000000001,0.736,0.74,0.743,0.745,0.746,1.496,1.494
3,Country,36.0,Andorra,,,,,,,,,,,0.813,0.815,0.82,0.8270000000000001,0.833,0.8270000000000001,0.8370000000000001,0.8370000000000001,0.84,0.8390000000000001,0.8370000000000001,0.836,0.858,0.856,0.863,0.862,0.866,0.863,0.867,1.736,1.7349999999999999
4,Country,148.0,Angola,,,,,,,,,,0.391,0.4,0.41,0.426,0.435,0.446,0.46,0.473,0.489,0.501,0.515,0.517,0.5329999999999999,0.544,0.555,0.565,0.5720000000000001,0.578,0.5820000000000001,0.5820000000000001,1.162,1.163
5,Country,78.0,Antigua and Barbuda,,,,,,,,,,,,,,,,0.764,0.7709999999999999,0.7759999999999999,0.774,0.767,0.763,0.755,0.759,0.76,0.76,0.762,0.765,0.768,0.772,1.556,1.55
6,Country,46.0,Argentina,0.718,0.725,0.73,0.735,0.7390000000000001,0.741,0.748,0.757,0.763,0.774,0.7809999999999999,0.7859999999999999,0.7809999999999999,0.7859999999999999,0.787,0.7879999999999999,0.812,0.8170000000000001,0.821,0.821,0.8290000000000001,0.835,0.8340000000000001,0.835,0.836,0.84,0.8390000000000001,0.843,0.8420000000000001,1.69,1.687
7,Country,81.0,Armenia,0.654,0.648,0.618,0.617,0.621,0.627,0.634,0.645,0.657,0.664,0.669,0.6729999999999999,0.682,0.691,0.7,0.7120000000000001,0.726,0.741,0.745,0.742,0.747,0.7509999999999999,0.7559999999999999,0.762,0.764,0.768,0.7659999999999999,0.769,0.7709999999999999,1.5519999999999998,1.5469999999999997
8,Country,8.0,Australia,0.871,0.871,0.873,0.8759999999999999,0.879,0.888,0.89,0.893,0.8959999999999999,0.9,0.903,0.905,0.907,0.909,0.9109999999999999,0.9059999999999999,0.909,0.912,0.9259999999999999,0.9279999999999999,0.93,0.932,0.937,0.9309999999999999,0.9329999999999999,0.938,0.9390000000000001,0.941,0.943,1.8880000000000001,1.887
9,Country,18.0,Austria,0.8029999999999999,0.8079999999999999,0.813,0.8170000000000001,0.821,0.825,0.8290000000000001,0.8320000000000001,0.8370000000000001,0.8420000000000001,0.847,0.857,0.847,0.851,0.858,0.863,0.87,0.89,0.893,0.895,0.904,0.9059999999999999,0.9079999999999999,0.905,0.9129999999999999,0.915,0.917,0.919,0.9209999999999999,1.844,1.843
10,Country,88.0,Azerbaijan,,,,,,0.604,0.605,0.61,0.619,0.629,0.635,0.643,0.6509999999999999,0.659,0.667,0.674,0.701,0.706,0.716,0.727,0.726,0.727,0.73,0.735,0.74,0.7440000000000001,0.7509999999999999,0.754,0.754,1.5119999999999998,1.5099999999999998
11,Country,58.0,Bahamas,,,,,,,,,,,0.797,0.7979999999999999,0.8,0.799,0.8,0.8009999999999999,0.804,0.804,0.804,0.8029999999999999,0.805,0.805,0.807,0.8059999999999999,0.805,0.8079999999999999,0.81,0.812,0.812,1.6280000000000001,1.6260000000000001
12,Country,42.0,Bahrain,0.7490000000000001,0.755,0.76,0.769,0.772,0.778,0.782,0.7829999999999999,0.787,0.789,0.795,0.7959999999999999,0.795,0.797,0.7959999999999999,0.795,0.797,0.799,0.8,0.7979999999999999,0.8,0.8009999999999999,0.8079999999999999,0.815,0.82,0.848,0.853,0.8540000000000001,0.852,1.704,1.704
13,Country,133.0,Bangladesh,0.39399999999999996,0.401,0.41,0.418,0.426,0.434,0.44299999999999995,0.452,0.461,0.469,0.478,0.486,0.49200000000000005,0.499,0.506,0.514,0.521,0.528,0.531,0.5429999999999999,0.557,0.5660000000000001,0.575,0.579,0.579,0.595,0.606,0.616,0.625,1.264,1.2570000000000001
14,Country,58.0,Barbados,0.732,0.733,0.733,0.737,0.742,0.747,0.7509999999999999,0.757,0.753,0.76,0.7709999999999999,0.77,0.774,0.778,0.782,0.787,0.7909999999999999,0.7959999999999999,0.8,0.8,0.797,0.799,0.8079999999999999,0.807,0.8079999999999999,0.809,0.8109999999999999,0.81,0.81,1.6280000000000001,1.624
15,Country,53.0,Belarus,,,,,,0.66,0.664,0.67,0.674,0.679,0.6859999999999999,0.6920000000000001,0.6990000000000001,0.7070000000000001,0.7170000000000001,0.727,0.7440000000000001,0.76,0.777,0.787,0.795,0.8009999999999999,0.8059999999999999,0.8109999999999999,0.8140000000000001,0.8140000000000001,0.815,0.8190000000000001,0.823,1.646,1.646
16,Country,14.0,Belgium,0.813,0.8170000000000001,0.8320000000000001,0.845,0.852,0.8590000000000001,0.8640000000000001,0.8690000000000001,0.873,0.875,0.88,0.883,0.8859999999999999,0.889,0.893,0.897,0.904,0.907,0.9059999999999999,0.907,0.91,0.9109999999999999,0.9129999999999999,0.9159999999999999,0.9179999999999999,0.922,0.924,0.929,0.93,1.8619999999999999,1.861
17,Country,110.0,Belize,0.61,0.614,0.621,0.624,0.623,0.624,0.624,0.626,0.628,0.633,0.64,0.644,0.6509999999999999,0.659,0.665,0.662,0.672,0.674,0.679,0.684,0.695,0.6940000000000001,0.701,0.7020000000000001,0.705,0.71,0.7170000000000001,0.7140000000000001,0.7140000000000001,1.432,1.4300000000000002
18,Country,158.0,Benin,0.364,0.371,0.375,0.382,0.386,0.391,0.39399999999999996,0.39899999999999997,0.40299999999999997,0.409,0.41600000000000004,0.428,0.43799999999999994,0.445,0.45299999999999996,0.45899999999999996,0.467,0.475,0.48200000000000004,0.488,0.494,0.5,0.51,0.522,0.527,0.532,0.5329999999999999,0.536,0.541,1.09,1.086
19,Country,129.0,Bhutan,,,,,,,,,,,,,,,,0.52,0.526,0.542,0.551,0.561,0.574,0.585,0.597,0.61,0.618,0.628,0.637,0.6459999999999999,0.649,1.308,1.303
20,Country,107.0,Bolivia (Plurinational State of),0.551,0.5589999999999999,0.5660000000000001,0.573,0.581,0.589,0.595,0.598,0.61,0.619,0.627,0.63,0.637,0.64,0.6409999999999999,0.643,0.649,0.649,0.6579999999999999,0.6629999999999999,0.667,0.6709999999999999,0.675,0.684,0.69,0.6970000000000001,0.7020000000000001,0.71,0.7140000000000001,1.436,1.432
21,Country,73.0,Bosnia and Herzegovina,,,,,,,,,,,0.679,0.684,0.6890000000000001,0.695,0.701,0.706,0.7120000000000001,0.7190000000000001,0.726,0.727,0.721,0.7290000000000001,0.748,0.755,0.758,0.7609999999999999,0.772,0.774,0.777,1.56,1.557
22,Country,100.0,Botswana,0.573,0.579,0.5770000000000001,0.5760000000000001,0.57,0.5760000000000001,0.575,0.5770000000000001,0.58,0.5820000000000001,0.581,0.5820000000000001,0.579,0.586,0.5920000000000001,0.601,0.615,0.628,0.6409999999999999,0.65,0.6629999999999999,0.677,0.6890000000000001,0.701,0.711,0.7170000000000001,0.72,0.726,0.73,1.47,1.4649999999999999
23,Country,84.0,Brazil,0.613,0.621,0.627,0.635,0.642,0.6509999999999999,0.6579999999999999,0.665,0.67,0.6759999999999999,0.685,0.691,0.6990000000000001,0.695,0.698,0.7,0.7020000000000001,0.706,0.7170000000000001,0.7190000000000001,0.727,0.731,0.735,0.753,0.7559999999999999,0.7559999999999999,0.758,0.7609999999999999,0.762,1.53,1.5270000000000001
24,Country,47.0,Brunei Darussalam,0.767,0.7709999999999999,0.777,0.7809999999999999,0.7859999999999999,0.79,0.7929999999999999,0.794,0.794,0.8,0.802,0.8029999999999999,0.807,0.813,0.818,0.8220000000000001,0.825,0.825,0.825,0.8270000000000001,0.8270000000000001,0.831,0.8390000000000001,0.8390000000000001,0.838,0.838,0.8390000000000001,0.838,0.836,1.676,1.674
25,Country,56.0,Bulgaria,0.708,0.705,0.705,0.7040000000000001,0.705,0.71,0.718,0.713,0.718,0.716,0.72,0.73,0.736,0.745,0.752,0.758,0.765,0.773,0.78,0.782,0.7879999999999999,0.7909999999999999,0.795,0.8009999999999999,0.8059999999999999,0.809,0.8109999999999999,0.8109999999999999,0.813,1.632,1.629
26,Country,182.0,Burkina Faso,,,,,,,,,,,0.293,0.298,0.303,0.31,0.32,0.332,0.341,0.35200000000000004,0.364,0.373,0.384,0.39399999999999996,0.40299999999999997,0.41,0.413,0.42200000000000004,0.428,0.439,0.44299999999999995,0.904,0.895
27,Country,185.0,Burundi,0.299,0.302,0.299,0.299,0.29600000000000004,0.292,0.289,0.29,0.294,0.295,0.3,0.301,0.311,0.319,0.33,0.337,0.359,0.371,0.384,0.401,0.41100000000000003,0.419,0.426,0.43200000000000005,0.43799999999999994,0.43700000000000006,0.43799999999999994,0.434,0.431,0.866,0.864
28,Country,126.0,Cabo Verde,,,,,,,,,,,0.569,0.573,0.583,0.588,0.59,0.596,0.611,0.617,0.625,0.63,0.632,0.639,0.644,0.647,0.654,0.6559999999999999,0.657,0.66,0.6629999999999999,1.33,1.3279999999999998
29,Country,144.0,Cambodia,0.368,0.37200000000000005,0.377,0.381,0.385,0.391,0.396,0.401,0.406,0.41100000000000003,0.424,0.43799999999999994,0.457,0.47,0.48200000000000004,0.494,0.506,0.52,0.525,0.528,0.539,0.546,0.552,0.5589999999999999,0.565,0.57,0.5760000000000001,0.5820000000000001,0.585,1.188,1.1789999999999998
30,Country,153.0,Cameroon,0.44799999999999995,0.445,0.441,0.435,0.433,0.43200000000000005,0.431,0.43200000000000005,0.434,0.436,0.44,0.456,0.45799999999999996,0.46399999999999997,0.469,0.47,0.47100000000000003,0.48200000000000004,0.49,0.498,0.505,0.514,0.525,0.534,0.54,0.5489999999999999,0.5529999999999999,0.557,0.56,1.126,1.123
31,Country,16.0,Canada,0.85,0.8540000000000001,0.857,0.855,0.8590000000000001,0.862,0.8640000000000001,0.863,0.861,0.8640000000000001,0.867,0.871,0.877,0.882,0.888,0.894,0.898,0.8959999999999999,0.898,0.898,0.9009999999999999,0.903,0.9059999999999999,0.9129999999999999,0.9179999999999999,0.9209999999999999,0.9229999999999999,0.9259999999999999,0.9279999999999999,1.858,1.857
32,Country,188.0,Central African Republic,0.33399999999999996,0.32799999999999996,0.315,0.315,0.317,0.319,0.315,0.318,0.32,0.32299999999999995,0.325,0.327,0.32799999999999996,0.32799999999999996,0.331,0.336,0.342,0.34700000000000003,0.35200000000000004,0.35600000000000004,0.365,0.374,0.381,0.363,0.368,0.375,0.382,0.391,0.395,0.794,0.792
33,Country,187.0,Chad,,,,,,,,,,,0.293,0.301,0.307,0.305,0.324,0.327,0.33,0.34,0.34600000000000003,0.361,0.369,0.38,0.38799999999999996,0.39399999999999996,0.401,0.39799999999999996,0.39299999999999996,0.396,0.397,0.7959999999999999,0.7949999999999999
34,Country,43.0,Chile,0.706,0.715,0.722,0.715,0.72,0.728,0.735,0.742,0.743,0.75,0.7559999999999999,0.767,0.769,0.7759999999999999,0.785,0.7909999999999999,0.7909999999999999,0.804,0.8140000000000001,0.8220000000000001,0.8029999999999999,0.815,0.821,0.826,0.8370000000000001,0.8420000000000001,0.845,0.847,0.8490000000000001,1.702,1.7000000000000002
35,Country,85.0,China,0.499,0.507,0.517,0.527,0.534,0.545,0.5539999999999999,0.563,0.5710000000000001,0.579,0.588,0.596,0.606,0.618,0.628,0.64,0.653,0.667,0.6779999999999999,0.687,0.6990000000000001,0.7070000000000001,0.716,0.7240000000000001,0.731,0.7390000000000001,0.746,0.75,0.755,1.5219999999999998,1.516
36,Country,83.0,Colombia,0.603,0.606,0.617,0.624,0.631,0.637,0.647,0.655,0.662,0.662,0.6659999999999999,0.6679999999999999,0.6709999999999999,0.67,0.684,0.6890000000000001,0.698,0.711,0.718,0.72,0.7290000000000001,0.7340000000000001,0.7390000000000001,0.742,0.753,0.7559999999999999,0.76,0.763,0.764,1.534,1.5310000000000001
37,Country,156.0,Comoros,,,,,,,,,,,0.465,0.47,0.475,0.48100000000000004,0.483,0.489,0.495,0.501,0.508,0.514,0.521,0.5329999999999999,0.5379999999999999,0.542,0.5429999999999999,0.545,0.547,0.55,0.552,1.1079999999999999,1.1059999999999999
38,Country,149.0,Congo,0.5,0.499,0.499,0.493,0.489,0.47100000000000003,0.47,0.474,0.48,0.467,0.461,0.46799999999999997,0.47100000000000003,0.47100000000000003,0.473,0.469,0.47,0.486,0.501,0.514,0.52,0.522,0.535,0.545,0.56,0.58,0.578,0.574,0.573,1.148,1.1469999999999998
39,Country,175.0,Congo (Democratic Republic of the),0.369,0.366,0.361,0.355,0.349,0.34700000000000003,0.35100000000000003,0.349,0.349,0.34700000000000003,0.349,0.35,0.358,0.366,0.374,0.381,0.389,0.4,0.41200000000000003,0.419,0.435,0.43799999999999994,0.442,0.44799999999999995,0.46,0.46399999999999997,0.47100000000000003,0.475,0.478,0.96,0.958
40,Country,62.0,Costa Rica,0.665,0.672,0.68,0.687,0.6920000000000001,0.6970000000000001,0.701,0.7070000000000001,0.713,0.7170000000000001,0.721,0.725,0.728,0.731,0.735,0.738,0.745,0.753,0.7609999999999999,0.762,0.765,0.778,0.7829999999999999,0.7879999999999999,0.7959999999999999,0.797,0.8009999999999999,0.804,0.8079999999999999,1.62,1.6179999999999999
41,Country,43.0,Croatia,0.677,0.672,0.672,0.674,0.688,0.703,0.715,0.727,0.738,0.747,0.757,0.768,0.774,0.78,0.7859999999999999,0.792,0.7979999999999999,0.8079999999999999,0.813,0.812,0.815,0.823,0.825,0.83,0.835,0.84,0.841,0.845,0.848,1.702,1.6989999999999998
42,Country,70.0,Cuba,0.68,0.674,0.667,0.66,0.6559999999999999,0.659,0.669,0.6729999999999999,0.677,0.684,0.691,0.696,0.698,0.708,0.722,0.7340000000000001,0.7559999999999999,0.772,0.7829999999999999,0.785,0.7809999999999999,0.78,0.769,0.7659999999999999,0.767,0.772,0.773,0.777,0.7809999999999999,1.5659999999999998,1.5639999999999998
43,Country,33.0,Cyprus,0.735,0.738,0.742,0.779,0.784,0.7879999999999999,0.7909999999999999,0.794,0.8029999999999999,0.802,0.804,0.81,0.8190000000000001,0.828,0.831,0.836,0.8420000000000001,0.8490000000000001,0.858,0.862,0.856,0.86,0.8590000000000001,0.86,0.862,0.865,0.873,0.878,0.885,1.774,1.772
44,Country,27.0,Czechia,0.738,0.733,0.736,0.743,0.752,0.7609999999999999,0.7759999999999999,0.782,0.7829999999999999,0.7929999999999999,0.804,0.8140000000000001,0.821,0.83,0.8340000000000001,0.843,0.852,0.858,0.863,0.866,0.87,0.8740000000000001,0.8740000000000001,0.882,0.888,0.8909999999999999,0.893,0.8959999999999999,0.898,1.8,1.798
45,Country,162.0,CÃ´te d'Ivoire,0.40399999999999997,0.40399999999999997,0.405,0.406,0.40700000000000003,0.409,0.41200000000000003,0.415,0.414,0.419,0.42100000000000004,0.424,0.426,0.429,0.433,0.43799999999999994,0.44299999999999995,0.449,0.455,0.462,0.46799999999999997,0.47200000000000003,0.48200000000000004,0.49,0.49200000000000005,0.503,0.513,0.525,0.534,1.0759999999999998,1.072
46,Country,10.0,Denmark,0.8059999999999999,0.8109999999999999,0.815,0.8220000000000001,0.831,0.8370000000000001,0.8440000000000001,0.85,0.856,0.868,0.87,0.883,0.89,0.9009999999999999,0.905,0.91,0.912,0.9109999999999999,0.917,0.914,0.917,0.93,0.9309999999999999,0.9329999999999999,0.935,0.9329999999999999,0.935,0.9359999999999999,0.9390000000000001,1.88,1.879
47,Country,166.0,Djibouti,,,,,,0.35100000000000003,0.349,0.354,0.355,0.359,0.36,0.369,0.375,0.385,0.39299999999999996,0.402,0.413,0.423,0.43200000000000005,0.442,0.45399999999999996,0.46299999999999997,0.474,0.484,0.49200000000000005,0.499,0.505,0.51,0.518,1.048,1.042
48,Country,94.0,Dominica,,,,,,,,,,,0.703,0.7070000000000001,0.7070000000000001,0.7120000000000001,0.7140000000000001,0.715,0.721,0.725,0.73,0.731,0.74,0.741,0.7390000000000001,0.7390000000000001,0.741,0.7390000000000001,0.74,0.736,0.738,1.484,1.48
49,Country,88.0,Dominican Republic,0.599,0.603,0.612,0.619,0.624,0.63,0.636,0.643,0.648,0.654,0.659,0.6629999999999999,0.6679999999999999,0.669,0.672,0.6809999999999999,0.688,0.6940000000000001,0.698,0.7,0.706,0.71,0.7140000000000001,0.718,0.73,0.738,0.743,0.746,0.7509999999999999,1.5119999999999998,1.5069999999999997
50,Country,86.0,Ecuador,0.648,0.65,0.654,0.6579999999999999,0.6629999999999999,0.6659999999999999,0.6679999999999999,0.672,0.675,0.6729999999999999,0.675,0.68,0.684,0.687,0.693,0.698,0.701,0.71,0.7170000000000001,0.7190000000000001,0.726,0.732,0.7509999999999999,0.754,0.7559999999999999,0.764,0.758,0.76,0.762,1.518,1.521
51,Country,116.0,Egypt,0.5479999999999999,0.552,0.5589999999999999,0.564,0.5710000000000001,0.578,0.585,0.5920000000000001,0.594,0.607,0.613,0.618,0.622,0.625,0.631,0.637,0.645,0.653,0.66,0.662,0.6679999999999999,0.6709999999999999,0.677,0.6829999999999999,0.685,0.691,0.696,0.698,0.701,1.4140000000000001,1.408
52,Country,124.0,El Salvador,0.536,0.54,0.552,0.562,0.5710000000000001,0.58,0.588,0.597,0.606,0.608,0.615,0.62,0.627,0.633,0.639,0.6459999999999999,0.653,0.652,0.655,0.6559999999999999,0.6679999999999999,0.664,0.669,0.67,0.6679999999999999,0.6679999999999999,0.6709999999999999,0.6709999999999999,0.67,1.3459999999999999,1.343
53,Country,145.0,Equatorial Guinea,,,,,,,,,,,0.525,0.534,0.546,0.547,0.5539999999999999,0.565,0.5760000000000001,0.5820000000000001,0.583,0.585,0.5760000000000001,0.58,0.584,0.585,0.586,0.589,0.588,0.584,0.5820000000000001,1.1840000000000002,1.1740000000000002
54,Country,180.0,Eritrea,,,,,,,,,,,,,,,,0.42700000000000005,0.428,0.43,0.426,0.436,0.436,0.436,0.441,0.446,0.457,0.45399999999999996,0.456,0.45399999999999996,0.456,0.9179999999999999,0.915
55,Country,29.0,Estonia,0.735,0.73,0.722,0.715,0.72,0.7290000000000001,0.74,0.754,0.7659999999999999,0.773,0.787,0.797,0.805,0.813,0.821,0.8320000000000001,0.8390000000000001,0.846,0.848,0.846,0.852,0.86,0.865,0.8690000000000001,0.871,0.877,0.8809999999999999,0.885,0.889,1.784,1.7810000000000001
56,Country,138.0,Eswatini (Kingdom of),0.541,0.542,0.539,0.534,0.527,0.523,0.515,0.503,0.49,0.479,0.465,0.45399999999999996,0.442,0.43700000000000006,0.445,0.456,0.469,0.478,0.48700000000000004,0.498,0.51,0.524,0.539,0.5539999999999999,0.568,0.581,0.588,0.597,0.605,1.222,1.216
57,Country,173.0,Ethiopia,,,,,,,,,,,0.292,0.306,0.315,0.319,0.33399999999999996,0.355,0.371,0.386,0.40299999999999997,0.41100000000000003,0.42100000000000004,0.43200000000000005,0.43799999999999994,0.447,0.455,0.462,0.467,0.474,0.478,0.97,0.963
58,Country,93.0,Fiji,0.662,0.669,0.672,0.675,0.68,0.6859999999999999,0.688,0.687,0.687,0.6920000000000001,0.695,0.698,0.7,0.7020000000000001,0.7090000000000001,0.705,0.708,0.711,0.7120000000000001,0.715,0.715,0.7190000000000001,0.722,0.728,0.733,0.737,0.738,0.74,0.742,1.486,1.4849999999999999
59,Country,11.0,Finland,0.79,0.7929999999999999,0.8009999999999999,0.805,0.815,0.823,0.83,0.838,0.846,0.8540000000000001,0.8640000000000001,0.871,0.8740000000000001,0.877,0.904,0.9079999999999999,0.912,0.915,0.917,0.912,0.9159999999999999,0.92,0.9209999999999999,0.9279999999999999,0.9279999999999999,0.93,0.932,0.935,0.937,1.876,1.875
60,Country,26.0,France,0.7859999999999999,0.7959999999999999,0.804,0.81,0.825,0.8320000000000001,0.8370000000000001,0.841,0.845,0.851,0.8490000000000001,0.851,0.852,0.855,0.858,0.867,0.871,0.8740000000000001,0.875,0.8759999999999999,0.879,0.882,0.885,0.889,0.893,0.895,0.894,0.897,0.898,1.8019999999999998,1.799
61,Country,119.0,Gabon,0.613,0.618,0.617,0.619,0.622,0.624,0.626,0.628,0.63,0.625,0.621,0.624,0.626,0.627,0.626,0.632,0.632,0.637,0.639,0.6459999999999999,0.652,0.657,0.6659999999999999,0.6729999999999999,0.682,0.685,0.69,0.6940000000000001,0.6970000000000001,1.406,1.4
62,Country,172.0,Gambia,0.349,0.354,0.358,0.36200000000000004,0.366,0.37,0.377,0.382,0.38799999999999996,0.396,0.40299999999999997,0.41100000000000003,0.415,0.42200000000000004,0.431,0.435,0.44,0.446,0.45299999999999996,0.456,0.45899999999999996,0.455,0.461,0.467,0.46799999999999997,0.47100000000000003,0.475,0.48,0.48700000000000004,0.992,0.9830000000000001
63,Country,61.0,Georgia,,,,,,,,,,,0.69,0.6940000000000001,0.6990000000000001,0.708,0.715,0.725,0.731,0.743,0.742,0.746,0.7509999999999999,0.757,0.767,0.775,0.7829999999999999,0.79,0.792,0.799,0.805,1.624,1.617
64,Country,6.0,Germany,0.8079999999999999,0.816,0.821,0.831,0.8370000000000001,0.8420000000000001,0.846,0.851,0.86,0.868,0.8759999999999999,0.884,0.89,0.8959999999999999,0.907,0.9079999999999999,0.9179999999999999,0.9209999999999999,0.924,0.924,0.927,0.9329999999999999,0.934,0.935,0.937,0.938,0.941,0.943,0.946,1.8940000000000001,1.893
65,Country,138.0,Ghana,0.465,0.47,0.474,0.478,0.48,0.483,0.484,0.486,0.48700000000000004,0.489,0.494,0.493,0.499,0.5,0.509,0.52,0.529,0.541,0.5529999999999999,0.5579999999999999,0.565,0.574,0.5770000000000001,0.586,0.59,0.59,0.598,0.602,0.606,1.222,1.217
66,Country,32.0,Greece,0.7609999999999999,0.77,0.7709999999999999,0.77,0.774,0.7759999999999999,0.78,0.785,0.795,0.797,0.804,0.8140000000000001,0.826,0.833,0.843,0.853,0.8590000000000001,0.857,0.865,0.867,0.865,0.862,0.865,0.867,0.875,0.877,0.8740000000000001,0.879,0.8809999999999999,1.776,1.769
67,Country,74.0,Grenada,,,,,,,,,,,,,0.721,0.7290000000000001,0.731,0.7440000000000001,0.745,0.75,0.753,0.75,0.754,0.7559999999999999,0.757,0.76,0.7659999999999999,0.77,0.7709999999999999,0.77,0.773,1.558,1.552
68,Country,127.0,Guatemala,0.48100000000000004,0.48700000000000004,0.493,0.499,0.504,0.511,0.518,0.526,0.534,0.542,0.5489999999999999,0.557,0.563,0.5670000000000001,0.5710000000000001,0.574,0.583,0.5920000000000001,0.597,0.601,0.606,0.612,0.618,0.621,0.648,0.652,0.653,0.655,0.657,1.3259999999999998,1.3199999999999998
69,Country,178.0,Guinea,0.282,0.287,0.29100000000000004,0.29600000000000004,0.301,0.306,0.31,0.318,0.326,0.33299999999999996,0.34,0.34700000000000003,0.35600000000000004,0.34700000000000003,0.37200000000000005,0.38299999999999995,0.392,0.4,0.408,0.408,0.41600000000000004,0.429,0.439,0.445,0.452,0.457,0.465,0.47100000000000003,0.473,0.9540000000000001,0.95
70,Country,175.0,Guinea-Bissau,,,,,,,,,,,,,,,,0.40299999999999997,0.41100000000000003,0.41700000000000004,0.424,0.43,0.436,0.445,0.44799999999999995,0.452,0.45899999999999996,0.46399999999999997,0.46799999999999997,0.47,0.47200000000000003,0.96,0.952
71,Country,122.0,Guyana,0.5479999999999999,0.544,0.5589999999999999,0.5720000000000001,0.5820000000000001,0.588,0.598,0.603,0.607,0.611,0.616,0.619,0.622,0.618,0.625,0.629,0.63,0.634,0.638,0.6409999999999999,0.649,0.6579999999999999,0.662,0.6659999999999999,0.6709999999999999,0.674,0.6759999999999999,0.677,0.68,1.364,1.362
72,Country,170.0,Haiti,0.414,0.418,0.418,0.418,0.415,0.423,0.428,0.43200000000000005,0.435,0.439,0.442,0.444,0.446,0.449,0.45,0.45299999999999996,0.45799999999999996,0.46299999999999997,0.466,0.47,0.47100000000000003,0.478,0.48200000000000004,0.48700000000000004,0.49200000000000005,0.496,0.5,0.505,0.508,1.02,1.018
73,Country,132.0,Honduras,0.519,0.518,0.523,0.53,0.534,0.54,0.545,0.551,0.556,0.56,0.5660000000000001,0.57,0.575,0.58,0.586,0.593,0.599,0.607,0.603,0.605,0.61,0.613,0.612,0.613,0.616,0.618,0.626,0.63,0.633,1.268,1.267
74,Country,4.0,"Hong Kong, China (SAR)",0.784,0.789,0.794,0.802,0.807,0.8109999999999999,0.8140000000000001,0.8190000000000001,0.82,0.8240000000000001,0.83,0.838,0.845,0.8540000000000001,0.865,0.8740000000000001,0.8859999999999999,0.89,0.899,0.9009999999999999,0.904,0.907,0.914,0.9179999999999999,0.9259999999999999,0.93,0.9359999999999999,0.941,0.946,1.8980000000000001,1.895
75,Country,40.0,Hungary,0.708,0.706,0.711,0.7240000000000001,0.737,0.746,0.75,0.7509999999999999,0.758,0.765,0.772,0.7809999999999999,0.7879999999999999,0.797,0.799,0.805,0.815,0.818,0.8220000000000001,0.828,0.831,0.828,0.831,0.8390000000000001,0.838,0.8420000000000001,0.8440000000000001,0.846,0.85,1.7080000000000002,1.7040000000000002
76,Country,4.0,Iceland,0.807,0.82,0.823,0.8240000000000001,0.8290000000000001,0.831,0.836,0.846,0.855,0.86,0.867,0.872,0.8809999999999999,0.887,0.8909999999999999,0.8959999999999999,0.899,0.905,0.899,0.898,0.898,0.907,0.915,0.927,0.9309999999999999,0.934,0.941,0.943,0.946,1.8980000000000001,1.895
77,Country,131.0,India,0.429,0.433,0.44,0.446,0.45299999999999996,0.461,0.46799999999999997,0.474,0.48100000000000004,0.489,0.495,0.499,0.506,0.518,0.527,0.536,0.546,0.555,0.563,0.569,0.579,0.588,0.597,0.604,0.616,0.624,0.63,0.64,0.642,1.29,1.287
78,Country,107.0,Indonesia,0.523,0.529,0.534,0.541,0.55,0.56,0.573,0.5870000000000001,0.586,0.594,0.603,0.609,0.615,0.622,0.628,0.632,0.642,0.643,0.647,0.6579999999999999,0.665,0.6729999999999999,0.6809999999999999,0.687,0.69,0.695,0.703,0.7070000000000001,0.7120000000000001,1.436,1.4300000000000002
79,Country,70.0,Iran (Islamic Republic of),0.565,0.583,0.596,0.607,0.616,0.627,0.634,0.64,0.647,0.652,0.6579999999999999,0.665,0.67,0.677,0.6779999999999999,0.6829999999999999,0.7190000000000001,0.723,0.728,0.7340000000000001,0.742,0.753,0.768,0.7709999999999999,0.774,0.774,0.784,0.787,0.785,1.5659999999999998,1.568
80,Country,123.0,Iraq,0.56,0.512,0.527,0.5479999999999999,0.5479999999999999,0.539,0.56,0.569,0.583,0.591,0.595,0.601,0.603,0.589,0.615,0.617,0.62,0.623,0.63,0.632,0.636,0.642,0.6459999999999999,0.6459999999999999,0.645,0.649,0.6559999999999999,0.667,0.6709999999999999,1.348,1.345
81,Country,2.0,Ireland,0.773,0.777,0.782,0.7909999999999999,0.7979999999999999,0.805,0.8109999999999999,0.8190000000000001,0.851,0.8590000000000001,0.867,0.873,0.8809999999999999,0.889,0.898,0.904,0.9059999999999999,0.909,0.9109999999999999,0.9059999999999999,0.9009999999999999,0.902,0.9079999999999999,0.917,0.9279999999999999,0.935,0.943,0.9470000000000001,0.951,1.91,1.906
82,Country,19.0,Israel,0.8009999999999999,0.8079999999999999,0.815,0.821,0.8270000000000001,0.8320000000000001,0.836,0.8440000000000001,0.852,0.8590000000000001,0.861,0.865,0.873,0.8740000000000001,0.8759999999999999,0.88,0.88,0.889,0.889,0.89,0.895,0.9009999999999999,0.903,0.905,0.909,0.91,0.9129999999999999,0.9129999999999999,0.9159999999999999,1.838,1.835
83,Country,29.0,Italy,0.7759999999999999,0.782,0.7879999999999999,0.7929999999999999,0.802,0.8079999999999999,0.8140000000000001,0.821,0.8270000000000001,0.8320000000000001,0.838,0.845,0.85,0.855,0.86,0.865,0.87,0.8740000000000001,0.8759999999999999,0.8759999999999999,0.879,0.883,0.882,0.8809999999999999,0.882,0.882,0.884,0.8859999999999999,0.89,1.784,1.782
84,Country,101.0,Jamaica,0.645,0.648,0.655,0.67,0.6709999999999999,0.674,0.677,0.679,0.6779999999999999,0.68,0.6779999999999999,0.6890000000000001,0.6920000000000001,0.687,0.7040000000000001,0.706,0.711,0.7190000000000001,0.737,0.733,0.732,0.731,0.731,0.7290000000000001,0.7290000000000001,0.731,0.731,0.7340000000000001,0.7340000000000001,1.4680000000000002,1.4680000000000002
85,Country,19.0,Japan,0.818,0.823,0.826,0.831,0.8370000000000001,0.8420000000000001,0.847,0.85,0.8490000000000001,0.852,0.858,0.861,0.8640000000000001,0.867,0.871,0.875,0.879,0.882,0.883,0.882,0.887,0.892,0.897,0.902,0.9059999999999999,0.9079999999999999,0.912,0.915,0.917,1.838,1.836
86,Country,102.0,Jordan,0.625,0.636,0.657,0.6679999999999999,0.679,0.693,0.695,0.6990000000000001,0.7020000000000001,0.706,0.711,0.7170000000000001,0.715,0.72,0.726,0.738,0.741,0.7440000000000001,0.745,0.743,0.737,0.7340000000000001,0.735,0.7290000000000001,0.7290000000000001,0.73,0.7290000000000001,0.726,0.728,1.4580000000000002,1.457
87,Country,51.0,Kazakhstan,0.69,0.684,0.682,0.675,0.667,0.664,0.6659999999999999,0.669,0.672,0.6759999999999999,0.685,0.7,0.7140000000000001,0.726,0.737,0.747,0.754,0.758,0.758,0.762,0.764,0.772,0.782,0.7909999999999999,0.7979999999999999,0.8059999999999999,0.8079999999999999,0.815,0.8190000000000001,1.65,1.6440000000000001
88,Country,143.0,Kenya,0.48200000000000004,0.48,0.47600000000000003,0.47200000000000003,0.469,0.46799999999999997,0.467,0.46399999999999997,0.46299999999999997,0.462,0.461,0.465,0.465,0.478,0.49,0.5,0.515,0.523,0.532,0.541,0.551,0.5589999999999999,0.5660000000000001,0.573,0.58,0.5870000000000001,0.591,0.595,0.599,1.202,1.2
89,Country,134.0,Kiribati,,,,,,,,,,,0.5529999999999999,0.569,0.569,0.574,0.5720000000000001,0.589,0.586,0.5870000000000001,0.59,0.588,0.593,0.591,0.6,0.608,0.617,0.625,0.622,0.627,0.628,1.26,1.258
90,Country,23.0,Korea (Republic of),0.732,0.743,0.75,0.76,0.772,0.7829999999999999,0.7929999999999999,0.805,0.802,0.813,0.823,0.8290000000000001,0.8370000000000001,0.8440000000000001,0.853,0.86,0.868,0.875,0.88,0.877,0.889,0.895,0.898,0.9009999999999999,0.904,0.907,0.91,0.912,0.914,1.8319999999999999,1.83
91,Country,64.0,Kuwait,0.705,0.665,0.659,0.688,0.718,0.748,0.772,0.775,0.78,0.7809999999999999,0.7809999999999999,0.778,0.78,0.7879999999999999,0.789,0.7829999999999999,0.7879999999999999,0.7879999999999999,0.79,0.789,0.7879999999999999,0.792,0.7959999999999999,0.7929999999999999,0.7959999999999999,0.8009999999999999,0.804,0.805,0.807,1.6119999999999999,1.613
92,Country,120.0,Kyrgyzstan,0.64,0.634,0.625,0.612,0.595,0.589,0.594,0.601,0.606,0.613,0.62,0.628,0.63,0.637,0.64,0.642,0.647,0.654,0.6559999999999999,0.6609999999999999,0.662,0.664,0.674,0.68,0.6859999999999999,0.69,0.691,0.6940000000000001,0.696,1.3940000000000001,1.393
93,Country,137.0,Lao People's Democratic Republic,0.405,0.41,0.415,0.42100000000000004,0.43,0.43200000000000005,0.445,0.45299999999999996,0.46,0.467,0.47100000000000003,0.47700000000000004,0.486,0.494,0.503,0.512,0.514,0.527,0.535,0.545,0.552,0.565,0.575,0.5820000000000001,0.589,0.598,0.605,0.608,0.609,1.226,1.222
94,Country,37.0,Latvia,0.711,0.706,0.685,0.674,0.675,0.68,0.687,0.698,0.711,0.723,0.735,0.753,0.767,0.7809999999999999,0.795,0.809,0.816,0.825,0.828,0.826,0.8240000000000001,0.8290000000000001,0.8320000000000001,0.8390000000000001,0.845,0.8490000000000001,0.8540000000000001,0.8590000000000001,0.863,1.732,1.729
95,Country,92.0,Lebanon,,,,,,,,,,,,,,,,0.74,0.7390000000000001,0.7509999999999999,0.757,0.764,0.7659999999999999,0.768,0.759,0.757,0.748,0.7440000000000001,0.741,0.748,0.747,1.4880000000000002,1.491
96,Country,165.0,Lesotho,0.498,0.495,0.493,0.48700000000000004,0.486,0.483,0.47700000000000004,0.47200000000000003,0.47,0.461,0.45899999999999996,0.451,0.446,0.444,0.44,0.436,0.436,0.441,0.446,0.455,0.46,0.469,0.48,0.489,0.498,0.503,0.512,0.517,0.522,1.054,1.049
97,Country,175.0,Liberia,,,,,,,,,,0.39899999999999997,0.435,0.435,0.43700000000000006,0.41700000000000004,0.42700000000000005,0.43200000000000005,0.43799999999999994,0.445,0.45,0.452,0.455,0.47200000000000003,0.469,0.47700000000000004,0.478,0.47700000000000004,0.478,0.48100000000000004,0.48,0.96,0.96
98,Country,105.0,Libya,0.7240000000000001,0.7340000000000001,0.74,0.7440000000000001,0.75,0.754,0.76,0.767,0.77,0.775,0.78,0.785,0.79,0.797,0.7979999999999999,0.8,0.8,0.8,0.8,0.799,0.7979999999999999,0.764,0.789,0.7609999999999999,0.728,0.6970000000000001,0.687,0.7140000000000001,0.721,1.4480000000000002,1.445
99,Country,19.0,Liechtenstein,,,,,,,,,,,0.862,0.868,0.873,0.878,0.883,0.8859999999999999,0.89,0.893,0.899,0.899,0.904,0.909,0.9079999999999999,0.912,0.9109999999999999,0.9109999999999999,0.915,0.9159999999999999,0.919,1.838,1.838
100,Country,34.0,Lithuania,0.738,0.7340000000000001,0.7190000000000001,0.708,0.7040000000000001,0.71,0.7190000000000001,0.731,0.743,0.7509999999999999,0.762,0.774,0.785,0.797,0.805,0.8170000000000001,0.826,0.833,0.838,0.828,0.831,0.838,0.841,0.847,0.8590000000000001,0.862,0.867,0.873,0.8759999999999999,1.764,1.758
101,Country,23.0,Luxembourg,0.797,0.804,0.809,0.813,0.818,0.821,0.83,0.836,0.8440000000000001,0.856,0.86,0.865,0.8690000000000001,0.873,0.8759999999999999,0.88,0.884,0.888,0.89,0.893,0.898,0.899,0.9,0.9,0.903,0.9059999999999999,0.91,0.9129999999999999,0.9129999999999999,1.8319999999999999,1.8289999999999997
102,Country,164.0,Madagascar,,,,,,,,,,,0.462,0.46799999999999997,0.46399999999999997,0.473,0.48,0.486,0.49,0.498,0.506,0.51,0.511,0.512,0.514,0.517,0.52,0.522,0.523,0.526,0.527,1.056,1.0550000000000002
103,Country,174.0,Malawi,0.33299999999999996,0.34,0.348,0.35600000000000004,0.35600000000000004,0.389,0.376,0.395,0.395,0.395,0.38799999999999996,0.38799999999999996,0.35700000000000004,0.361,0.363,0.36700000000000005,0.377,0.38799999999999996,0.405,0.42,0.431,0.44,0.446,0.456,0.465,0.46799999999999997,0.47200000000000003,0.473,0.478,0.966,0.961
104,Country,62.0,Malaysia,0.643,0.6509999999999999,0.66,0.667,0.675,0.682,0.6940000000000001,0.7040000000000001,0.708,0.713,0.723,0.721,0.723,0.73,0.733,0.73,0.737,0.75,0.7609999999999999,0.765,0.772,0.778,0.7809999999999999,0.785,0.7909999999999999,0.7959999999999999,0.8,0.805,0.805,1.62,1.6150000000000002
105,Country,95.0,Maldives,,,,,,0.555,0.569,0.584,0.597,0.611,0.622,0.626,0.63,0.644,0.649,0.645,0.659,0.664,0.6729999999999999,0.674,0.685,0.6970000000000001,0.7040000000000001,0.7090000000000001,0.718,0.7240000000000001,0.728,0.731,0.7340000000000001,1.48,1.4740000000000002
106,Country,184.0,Mali,0.23399999999999999,0.24100000000000002,0.24600000000000002,0.253,0.26,0.265,0.27399999999999997,0.285,0.294,0.306,0.312,0.325,0.33399999999999996,0.34700000000000003,0.35600000000000004,0.36700000000000005,0.376,0.371,0.39399999999999996,0.401,0.408,0.413,0.413,0.413,0.419,0.41700000000000004,0.42200000000000004,0.42700000000000005,0.431,0.868,0.865
107,Country,28.0,Malta,0.752,0.757,0.762,0.7659999999999999,0.768,0.772,0.7759999999999999,0.7809999999999999,0.789,0.7929999999999999,0.795,0.8009999999999999,0.804,0.81,0.8190000000000001,0.8340000000000001,0.8320000000000001,0.8370000000000001,0.8390000000000001,0.84,0.853,0.853,0.86,0.867,0.8740000000000001,0.88,0.885,0.888,0.894,1.79,1.7890000000000001
108,Country,117.0,Marshall Islands,,,,,,,,,,,,,,,,,,,,,,,,,,,,0.6990000000000001,0.7020000000000001,1.4080000000000001,1.4060000000000001
109,Country,157.0,Mauritania,0.397,0.402,0.41,0.423,0.435,0.442,0.451,0.45,0.45899999999999996,0.46399999999999997,0.46399999999999997,0.46299999999999997,0.467,0.47200000000000003,0.48200000000000004,0.486,0.496,0.495,0.494,0.502,0.505,0.509,0.517,0.525,0.531,0.536,0.542,0.54,0.542,1.092,1.088
110,Country,66.0,Mauritius,0.624,0.63,0.637,0.643,0.647,0.653,0.6559999999999999,0.6609999999999999,0.667,0.672,0.6779999999999999,0.687,0.6920000000000001,0.701,0.708,0.7170000000000001,0.7240000000000001,0.731,0.738,0.745,0.7509999999999999,0.76,0.7709999999999999,0.779,0.789,0.789,0.794,0.797,0.8009999999999999,1.608,1.605
111,Country,74.0,Mexico,0.6559999999999999,0.66,0.664,0.6679999999999999,0.675,0.677,0.6829999999999999,0.6890000000000001,0.695,0.6990000000000001,0.708,0.7120000000000001,0.718,0.722,0.731,0.737,0.745,0.746,0.748,0.748,0.748,0.755,0.759,0.7559999999999999,0.7609999999999999,0.7659999999999999,0.768,0.7709999999999999,0.7759999999999999,1.558,1.555
112,Country,136.0,Micronesia (Federated States of),,,,,,,,,,,0.546,0.5529999999999999,0.5589999999999999,0.565,0.57,0.5770000000000001,0.583,0.589,0.593,0.596,0.601,0.604,0.605,0.605,0.604,0.612,0.614,0.616,0.618,1.24,1.238
113,Country,90.0,Moldova (Republic of),0.69,0.68,0.6609999999999999,0.66,0.64,0.638,0.634,0.637,0.637,0.64,0.643,0.6509999999999999,0.6629999999999999,0.6729999999999999,0.684,0.6920000000000001,0.6990000000000001,0.7040000000000001,0.71,0.706,0.713,0.7190000000000001,0.726,0.735,0.737,0.736,0.738,0.743,0.746,1.5,1.496
114,Country,99.0,Mongolia,0.578,0.573,0.56,0.546,0.5489999999999999,0.5539999999999999,0.56,0.5670000000000001,0.575,0.581,0.588,0.599,0.608,0.621,0.636,0.649,0.659,0.6709999999999999,0.682,0.687,0.696,0.71,0.718,0.727,0.732,0.735,0.7290000000000001,0.728,0.735,1.474,1.472
115,Country,48.0,Montenegro,,,,,,,,,,,,,,,,,0.773,0.784,0.794,0.797,0.802,0.8059999999999999,0.807,0.8109999999999999,0.813,0.816,0.818,0.8220000000000001,0.826,1.6580000000000001,1.655
116,Country,121.0,Morocco,0.457,0.46299999999999997,0.467,0.473,0.484,0.48700000000000004,0.498,0.502,0.509,0.519,0.529,0.541,0.551,0.562,0.5720000000000001,0.58,0.586,0.594,0.602,0.608,0.616,0.626,0.635,0.644,0.652,0.6579999999999999,0.667,0.6729999999999999,0.68,1.3719999999999999,1.366
117,Country,181.0,Mozambique,0.22699999999999998,0.231,0.22699999999999998,0.23399999999999999,0.24100000000000002,0.248,0.263,0.275,0.287,0.301,0.307,0.32,0.327,0.34,0.349,0.36,0.366,0.37799999999999995,0.387,0.39399999999999996,0.401,0.397,0.40299999999999997,0.41700000000000004,0.425,0.433,0.441,0.446,0.452,0.912,0.908
118,Country,147.0,Myanmar,0.342,0.349,0.363,0.369,0.376,0.38,0.387,0.392,0.396,0.40399999999999997,0.414,0.423,0.43200000000000005,0.442,0.452,0.461,0.47100000000000003,0.48200000000000004,0.493,0.504,0.515,0.526,0.5329999999999999,0.5429999999999999,0.55,0.557,0.563,0.5720000000000001,0.579,1.166,1.162
119,Country,130.0,Namibia,0.581,0.583,0.5870000000000001,0.5870000000000001,0.5870000000000001,0.5820000000000001,0.573,0.564,0.557,0.547,0.544,0.5429999999999999,0.541,0.5429999999999999,0.545,0.545,0.551,0.5589999999999999,0.5670000000000001,0.5760000000000001,0.589,0.602,0.613,0.624,0.631,0.638,0.639,0.644,0.645,1.2919999999999998,1.291
120,Country,142.0,Nepal,0.387,0.395,0.402,0.40700000000000003,0.414,0.419,0.428,0.435,0.44,0.447,0.45299999999999996,0.45399999999999996,0.46399999999999997,0.47,0.47600000000000003,0.48200000000000004,0.493,0.498,0.509,0.522,0.537,0.545,0.5589999999999999,0.568,0.5760000000000001,0.583,0.586,0.588,0.596,1.204,1.198
121,Country,8.0,Netherlands,0.836,0.84,0.841,0.846,0.871,0.868,0.872,0.872,0.8740000000000001,0.877,0.882,0.8859999999999999,0.885,0.89,0.892,0.897,0.903,0.91,0.9129999999999999,0.912,0.917,0.9279999999999999,0.9279999999999999,0.93,0.932,0.934,0.9359999999999999,0.9390000000000001,0.9420000000000001,1.8880000000000001,1.8860000000000001
122,Country,14.0,New Zealand,0.826,0.8270000000000001,0.8320000000000001,0.8440000000000001,0.853,0.8590000000000001,0.862,0.868,0.87,0.872,0.8759999999999999,0.88,0.888,0.8909999999999999,0.894,0.8959999999999999,0.898,0.9009999999999999,0.902,0.905,0.9059999999999999,0.909,0.9109999999999999,0.914,0.9159999999999999,0.9209999999999999,0.924,0.9259999999999999,0.9279999999999999,1.8619999999999999,1.859
123,Country,128.0,Nicaragua,0.49700000000000005,0.506,0.513,0.516,0.521,0.531,0.541,0.55,0.5589999999999999,0.568,0.5770000000000001,0.583,0.589,0.5920000000000001,0.597,0.601,0.605,0.611,0.616,0.617,0.622,0.628,0.633,0.639,0.649,0.652,0.657,0.6609999999999999,0.659,1.32,1.319
124,Country,189.0,Niger,0.22,0.223,0.226,0.231,0.235,0.24,0.244,0.248,0.255,0.259,0.262,0.268,0.273,0.276,0.285,0.294,0.3,0.306,0.314,0.321,0.331,0.33799999999999997,0.35,0.35700000000000004,0.365,0.37200000000000005,0.37799999999999995,0.386,0.391,0.7879999999999999,0.7849999999999999
125,Country,161.0,Nigeria,,,,,,,,,,,,,,0.45,0.46,0.465,0.473,0.478,0.484,0.49,0.48200000000000004,0.49200000000000005,0.5,0.519,0.523,0.526,0.526,0.531,0.534,1.078,1.073
126,Country,82.0,North Macedonia,,,,,,,,,,,0.677,0.6809999999999999,0.688,0.6940000000000001,0.7020000000000001,0.71,0.716,0.721,0.737,0.7390000000000001,0.743,0.747,0.748,0.7509999999999999,0.755,0.7609999999999999,0.765,0.767,0.77,1.548,1.544
127,Country,1.0,Norway,0.8490000000000001,0.8540000000000001,0.861,0.8690000000000001,0.883,0.8809999999999999,0.887,0.893,0.904,0.909,0.915,0.914,0.917,0.9229999999999999,0.932,0.9309999999999999,0.934,0.9359999999999999,0.937,0.937,0.94,0.9420000000000001,0.941,0.9440000000000001,0.9440000000000001,0.9470000000000001,0.95,0.9540000000000001,0.956,1.9140000000000001,1.913
128,Country,60.0,Oman,,,,,,,,,,,0.693,0.705,0.7140000000000001,0.7240000000000001,0.731,0.736,0.74,0.752,0.77,0.777,0.782,0.782,0.7909999999999999,0.799,0.802,0.8140000000000001,0.815,0.8190000000000001,0.813,1.626,1.626
129,Country,154.0,Pakistan,0.402,0.40700000000000003,0.413,0.41700000000000004,0.42100000000000004,0.426,0.431,0.434,0.43799999999999994,0.44299999999999995,0.447,0.45399999999999996,0.462,0.47100000000000003,0.473,0.486,0.49200000000000005,0.496,0.503,0.508,0.512,0.516,0.519,0.523,0.53,0.536,0.542,0.55,0.552,1.114,1.109
130,Country,50.0,Palau,,,,,,,,,,,0.7440000000000001,0.747,0.7509999999999999,0.755,0.758,0.77,0.774,0.78,0.7809999999999999,0.782,0.7859999999999999,0.7929999999999999,0.795,0.821,0.825,0.82,0.8220000000000001,0.8220000000000001,0.8220000000000001,1.652,1.6480000000000001
131,Country,115.0,"Palestine, State of",,,,,,,,,,,,,,,0.6509999999999999,0.659,0.659,0.669,0.674,0.679,0.684,0.6920000000000001,0.698,0.695,0.6970000000000001,0.701,0.7040000000000001,0.706,0.708,1.416,1.416
132,Country,57.0,Panama,0.675,0.68,0.688,0.696,0.6990000000000001,0.7040000000000001,0.71,0.716,0.7240000000000001,0.7290000000000001,0.735,0.738,0.7440000000000001,0.746,0.7509999999999999,0.754,0.759,0.767,0.7709999999999999,0.772,0.774,0.78,0.7859999999999999,0.7909999999999999,0.795,0.799,0.805,0.8109999999999999,0.812,1.63,1.627
133,Country,155.0,Papua New Guinea,0.38,0.389,0.39799999999999996,0.41100000000000003,0.41700000000000004,0.425,0.433,0.435,0.442,0.445,0.45,0.456,0.462,0.47,0.473,0.48,0.485,0.498,0.503,0.512,0.522,0.53,0.52,0.537,0.542,0.5479999999999999,0.5489999999999999,0.5489999999999999,0.5489999999999999,1.11,1.104
134,Country,103.0,Paraguay,0.598,0.604,0.608,0.615,0.62,0.625,0.632,0.637,0.6409999999999999,0.644,0.643,0.652,0.662,0.66,0.667,0.67,0.67,0.675,0.684,0.6809999999999999,0.696,0.701,0.701,0.7120000000000001,0.715,0.721,0.722,0.726,0.727,1.456,1.455
135,Country,79.0,Peru,0.613,0.62,0.62,0.625,0.636,0.6459999999999999,0.6509999999999999,0.657,0.667,0.677,0.679,0.687,0.688,0.687,0.6940000000000001,0.6990000000000001,0.6970000000000001,0.7040000000000001,0.715,0.718,0.721,0.7340000000000001,0.742,0.75,0.76,0.759,0.765,0.767,0.7709999999999999,1.554,1.548
136,Country,107.0,Philippines,0.593,0.595,0.598,0.601,0.605,0.609,0.617,0.621,0.626,0.63,0.632,0.633,0.638,0.642,0.652,0.654,0.6559999999999999,0.662,0.6659999999999999,0.665,0.6709999999999999,0.6759999999999999,0.684,0.691,0.696,0.701,0.7040000000000001,0.708,0.711,1.436,1.4289999999999998
137,Country,35.0,Poland,0.718,0.716,0.7190000000000001,0.73,0.7390000000000001,0.745,0.753,0.764,0.774,0.7829999999999999,0.79,0.7959999999999999,0.804,0.809,0.807,0.813,0.8190000000000001,0.8240000000000001,0.8290000000000001,0.8340000000000001,0.84,0.845,0.8420000000000001,0.856,0.858,0.863,0.8690000000000001,0.873,0.877,1.76,1.7570000000000001
138,Country,38.0,Portugal,0.718,0.727,0.7390000000000001,0.753,0.76,0.767,0.774,0.78,0.787,0.7859999999999999,0.792,0.7979999999999999,0.799,0.805,0.809,0.813,0.8109999999999999,0.8140000000000001,0.8170000000000001,0.823,0.8290000000000001,0.833,0.836,0.84,0.847,0.8540000000000001,0.855,0.858,0.86,1.7280000000000002,1.7240000000000002
139,Country,45.0,Qatar,0.75,0.747,0.7509999999999999,0.762,0.773,0.782,0.794,0.8059999999999999,0.81,0.8140000000000001,0.816,0.8170000000000001,0.8220000000000001,0.83,0.8320000000000001,0.838,0.835,0.838,0.843,0.841,0.8340000000000001,0.84,0.8540000000000001,0.8420000000000001,0.835,0.8390000000000001,0.845,0.848,0.845,1.696,1.693
140,Country,49.0,Romania,0.708,0.6940000000000001,0.6859999999999999,0.6859999999999999,0.688,0.6940000000000001,0.7020000000000001,0.703,0.705,0.711,0.716,0.722,0.731,0.7390000000000001,0.753,0.762,0.774,0.7879999999999999,0.8029999999999999,0.8059999999999999,0.805,0.8059999999999999,0.8029999999999999,0.8079999999999999,0.8109999999999999,0.815,0.82,0.821,0.823,1.656,1.6509999999999998
141,Country,52.0,Russian Federation,0.735,0.731,0.72,0.7120000000000001,0.703,0.7020000000000001,0.703,0.705,0.705,0.711,0.722,0.728,0.7340000000000001,0.742,0.748,0.753,0.76,0.769,0.775,0.773,0.7809999999999999,0.79,0.7979999999999999,0.802,0.807,0.809,0.815,0.82,0.823,1.6480000000000001,1.647
142,Country,160.0,Rwanda,0.248,0.22,0.20199999999999999,0.19699999999999998,0.192,0.231,0.263,0.29100000000000004,0.307,0.326,0.341,0.35,0.366,0.379,0.396,0.413,0.434,0.45,0.461,0.47700000000000004,0.49200000000000005,0.5,0.508,0.515,0.521,0.526,0.527,0.535,0.54,1.0859999999999999,1.083
143,Country,74.0,Saint Kitts and Nevis,,,,,,,,,,,,,,,,0.711,0.718,0.7240000000000001,0.7390000000000001,0.74,0.746,0.7490000000000001,0.745,0.764,0.768,0.768,0.7709999999999999,0.77,0.773,1.558,1.552
144,Country,86.0,Saint Lucia,,,,,,,,,,,0.695,0.691,0.693,0.695,0.695,0.698,0.7120000000000001,0.7140000000000001,0.725,0.728,0.73,0.736,0.73,0.732,0.735,0.747,0.752,0.759,0.758,1.518,1.517
145,Country,97.0,Saint Vincent and the Grenadines,,,,,,,,,,,0.6809999999999999,0.6859999999999999,0.69,0.698,0.701,0.705,0.711,0.715,0.721,0.72,0.718,0.721,0.72,0.723,0.733,0.733,0.7340000000000001,0.7340000000000001,0.736,1.476,1.474
146,Country,111.0,Samoa,0.633,0.634,0.634,0.639,0.618,0.624,0.633,0.635,0.6409999999999999,0.6459999999999999,0.6509999999999999,0.659,0.659,0.665,0.6729999999999999,0.677,0.68,0.6859999999999999,0.687,0.691,0.698,0.701,0.698,0.7,0.703,0.7070000000000001,0.71,0.71,0.7090000000000001,1.43,1.424
147,Country,135.0,Sao Tome and Principe,0.452,0.45399999999999996,0.457,0.46,0.465,0.469,0.475,0.479,0.485,0.49200000000000005,0.498,0.506,0.511,0.519,0.526,0.5329999999999999,0.5429999999999999,0.5479999999999999,0.546,0.556,0.561,0.568,0.573,0.5820000000000001,0.591,0.604,0.608,0.619,0.624,1.25,1.249
148,Country,40.0,Saudi Arabia,0.6970000000000001,0.705,0.71,0.7140000000000001,0.718,0.722,0.726,0.731,0.736,0.738,0.743,0.746,0.748,0.755,0.764,0.77,0.777,0.7829999999999999,0.792,0.7959999999999999,0.809,0.823,0.835,0.845,0.852,0.8590000000000001,0.8590000000000001,0.852,0.8540000000000001,1.7080000000000002,1.7080000000000002
149,Country,168.0,Senegal,0.376,0.377,0.377,0.377,0.376,0.37799999999999995,0.379,0.38,0.382,0.385,0.39,0.405,0.41,0.418,0.426,0.434,0.43799999999999994,0.447,0.457,0.461,0.46799999999999997,0.47100000000000003,0.48700000000000004,0.494,0.499,0.506,0.509,0.512,0.516,1.024,1.028
150,Country,64.0,Serbia,0.722,0.7190000000000001,0.706,0.69,0.6940000000000001,0.6990000000000001,0.703,0.7090000000000001,0.713,0.71,0.716,0.723,0.726,0.732,0.74,0.7490000000000001,0.754,0.758,0.764,0.7659999999999999,0.7659999999999999,0.7759999999999999,0.775,0.778,0.784,0.789,0.795,0.7979999999999999,0.8029999999999999,1.6119999999999999,1.609
151,Country,67.0,Seychelles,,,,,,,,,,,0.7140000000000001,0.71,0.711,0.7140000000000001,0.716,0.732,0.722,0.745,0.75,0.754,0.764,0.767,0.755,0.775,0.775,0.7859999999999999,0.787,0.789,0.79,1.5919999999999999,1.5859999999999999
152,Country,182.0,Sierra Leone,0.287,0.28,0.278,0.282,0.284,0.287,0.282,0.28,0.284,0.287,0.295,0.309,0.326,0.336,0.345,0.354,0.36200000000000004,0.375,0.386,0.39399999999999996,0.39899999999999997,0.406,0.42100000000000004,0.433,0.43799999999999994,0.431,0.431,0.44299999999999995,0.447,0.904,0.899
153,Country,11.0,Singapore,0.721,0.731,0.742,0.753,0.764,0.774,0.7829999999999999,0.794,0.799,0.81,0.821,0.825,0.833,0.8420000000000001,0.8490000000000001,0.8740000000000001,0.8809999999999999,0.882,0.888,0.888,0.909,0.9129999999999999,0.9179999999999999,0.9209999999999999,0.9259999999999999,0.9309999999999999,0.935,0.9329999999999999,0.9359999999999999,1.876,1.8739999999999999
154,Country,39.0,Slovakia,0.741,0.736,0.735,0.738,0.745,0.752,0.7559999999999999,0.758,0.764,0.763,0.765,0.7659999999999999,0.773,0.778,0.7859999999999999,0.7959999999999999,0.805,0.816,0.823,0.825,0.831,0.838,0.843,0.845,0.847,0.85,0.853,0.855,0.858,1.72,1.718
155,Country,22.0,Slovenia,0.774,0.772,0.774,0.7759999999999999,0.7829999999999999,0.79,0.7959999999999999,0.804,0.813,0.826,0.8320000000000001,0.843,0.85,0.857,0.8640000000000001,0.8690000000000001,0.8759999999999999,0.88,0.8859999999999999,0.885,0.889,0.8909999999999999,0.884,0.893,0.894,0.894,0.9,0.907,0.912,1.834,1.8290000000000002
156,Country,151.0,Solomon Islands,,,,,,,,,,0.489,0.475,0.48,0.486,0.49200000000000005,0.5,0.509,0.519,0.526,0.524,0.517,0.537,0.541,0.5529999999999999,0.5579999999999999,0.5589999999999999,0.563,0.561,0.562,0.564,1.1340000000000001,1.131
157,Country,114.0,South Africa,0.627,0.634,0.642,0.648,0.65,0.653,0.65,0.6459999999999999,0.64,0.635,0.631,0.611,0.619,0.619,0.619,0.622,0.626,0.632,0.6459999999999999,0.655,0.664,0.665,0.675,0.685,0.693,0.701,0.703,0.705,0.7070000000000001,1.4180000000000001,1.4160000000000001
158,Country,185.0,South Sudan,,,,,,,,,,,,,,,,,,,,,0.41,0.43,0.397,0.428,0.428,0.425,0.42100000000000004,0.426,0.429,0.866,0.862
159,Country,25.0,Spain,0.7609999999999999,0.77,0.779,0.789,0.7979999999999999,0.807,0.813,0.8170000000000001,0.821,0.826,0.8320000000000001,0.835,0.8370000000000001,0.84,0.8440000000000001,0.851,0.856,0.86,0.863,0.865,0.872,0.878,0.8809999999999999,0.882,0.888,0.895,0.899,0.903,0.905,1.808,1.8090000000000002
160,Country,72.0,Sri Lanka,0.629,0.634,0.639,0.6409999999999999,0.65,0.654,0.659,0.6659999999999999,0.6729999999999999,0.6809999999999999,0.691,0.6970000000000001,0.703,0.7120000000000001,0.7190000000000001,0.725,0.732,0.738,0.746,0.7490000000000001,0.754,0.76,0.7659999999999999,0.769,0.773,0.7759999999999999,0.773,0.775,0.779,1.564,1.561
161,Country,170.0,Sudan,0.331,0.336,0.344,0.35200000000000004,0.358,0.366,0.374,0.384,0.39,0.396,0.40299999999999997,0.409,0.415,0.42200000000000004,0.43,0.43700000000000006,0.44299999999999995,0.45,0.461,0.46799999999999997,0.469,0.474,0.486,0.494,0.499,0.504,0.507,0.509,0.506,1.02,1.016
162,Country,97.0,Suriname,,,,,,,,,,,,,,,0.682,0.6859999999999999,0.691,0.6970000000000001,0.701,0.7070000000000001,0.71,0.7170000000000001,0.7290000000000001,0.7340000000000001,0.735,0.74,0.735,0.732,0.7340000000000001,1.476,1.472
163,Country,7.0,Sweden,0.821,0.823,0.826,0.846,0.855,0.862,0.8690000000000001,0.88,0.894,0.899,0.903,0.905,0.9079999999999999,0.9129999999999999,0.9009999999999999,0.904,0.9079999999999999,0.91,0.907,0.905,0.9109999999999999,0.912,0.914,0.9329999999999999,0.935,0.938,0.94,0.9420000000000001,0.943,1.89,1.888
164,Country,2.0,Switzerland,0.84,0.8420000000000001,0.845,0.8490000000000001,0.852,0.856,0.863,0.872,0.882,0.889,0.898,0.9,0.899,0.905,0.909,0.914,0.92,0.9229999999999999,0.925,0.935,0.941,0.941,0.9440000000000001,0.946,0.9420000000000001,0.9470000000000001,0.9470000000000001,0.9490000000000001,0.955,1.91,1.91
165,Country,151.0,Syrian Arab Republic,0.55,0.556,0.56,0.564,0.5720000000000001,0.575,0.5820000000000001,0.586,0.588,0.593,0.6,0.607,0.607,0.62,0.636,0.652,0.662,0.6729999999999999,0.6759999999999999,0.674,0.672,0.6779999999999999,0.664,0.596,0.556,0.537,0.528,0.564,0.563,1.1340000000000001,1.13
166,Country,125.0,Tajikistan,0.617,0.612,0.5920000000000001,0.575,0.556,0.5489999999999999,0.535,0.54,0.544,0.5479999999999999,0.555,0.564,0.573,0.588,0.6,0.607,0.617,0.621,0.639,0.633,0.638,0.636,0.643,0.653,0.652,0.652,0.653,0.657,0.6609999999999999,1.3359999999999999,1.3289999999999997
167,Country,163.0,Tanzania (United Republic of),0.368,0.369,0.36700000000000005,0.36700000000000005,0.366,0.36700000000000005,0.369,0.37,0.377,0.38299999999999995,0.39,0.397,0.40700000000000003,0.41600000000000004,0.426,0.43700000000000006,0.447,0.456,0.465,0.474,0.48100000000000004,0.48700000000000004,0.496,0.49700000000000005,0.504,0.514,0.52,0.523,0.524,1.058,1.053
168,Country,79.0,Thailand,0.5770000000000001,0.586,0.5920000000000001,0.6,0.607,0.614,0.622,0.628,0.633,0.643,0.652,0.66,0.669,0.677,0.6859999999999999,0.696,0.6970000000000001,0.7140000000000001,0.718,0.722,0.7240000000000001,0.733,0.737,0.7340000000000001,0.742,0.7490000000000001,0.7559999999999999,0.765,0.772,1.554,1.549
169,Country,141.0,Timor-Leste,,,,,,,,,,,0.484,0.49200000000000005,0.503,0.504,0.518,0.537,0.563,0.585,0.616,0.611,0.628,0.644,0.639,0.63,0.62,0.61,0.598,0.599,0.599,1.212,1.205
170,Country,167.0,Togo,0.406,0.409,0.4,0.391,0.397,0.41,0.418,0.426,0.425,0.426,0.42700000000000005,0.43,0.433,0.43799999999999994,0.439,0.43799999999999994,0.444,0.439,0.447,0.456,0.466,0.479,0.48200000000000004,0.488,0.493,0.499,0.502,0.506,0.51,1.03,1.025
171,Country,104.0,Tonga,0.654,0.659,0.6609999999999999,0.665,0.672,0.675,0.675,0.675,0.6779999999999999,0.679,0.675,0.679,0.684,0.693,0.682,0.682,0.6829999999999999,0.6859999999999999,0.688,0.693,0.6990000000000001,0.7040000000000001,0.708,0.708,0.7070000000000001,0.72,0.722,0.723,0.723,1.45,1.448
172,Country,67.0,Trinidad and Tobago,0.6679999999999999,0.67,0.67,0.672,0.6759999999999999,0.6809999999999999,0.687,0.695,0.6940000000000001,0.713,0.7170000000000001,0.725,0.726,0.74,0.75,0.748,0.763,0.7709999999999999,0.778,0.782,0.784,0.782,0.78,0.7829999999999999,0.785,0.792,0.792,0.795,0.795,1.5919999999999999,1.591
173,Country,95.0,Tunisia,0.5670000000000001,0.573,0.581,0.5870000000000001,0.598,0.605,0.614,0.621,0.632,0.643,0.6509999999999999,0.659,0.664,0.6709999999999999,0.6809999999999999,0.688,0.6940000000000001,0.7,0.7070000000000001,0.7090000000000001,0.716,0.718,0.72,0.723,0.726,0.7290000000000001,0.731,0.7340000000000001,0.738,1.48,1.478
174,Country,54.0,Turkey,0.583,0.5870000000000001,0.594,0.601,0.603,0.611,0.62,0.629,0.64,0.648,0.66,0.6659999999999999,0.677,0.684,0.69,0.696,0.7040000000000001,0.7120000000000001,0.7140000000000001,0.72,0.7390000000000001,0.753,0.765,0.785,0.7959999999999999,0.8009999999999999,0.8079999999999999,0.8140000000000001,0.8170000000000001,1.64,1.637
175,Country,111.0,Turkmenistan,,,,,,,,,,,,,,,,,,,,,0.6659999999999999,0.6729999999999999,0.679,0.685,0.6890000000000001,0.6940000000000001,0.6990000000000001,0.701,0.71,1.43,1.4249999999999998
176,Country,159.0,Uganda,0.32,0.32,0.313,0.32,0.322,0.32799999999999996,0.344,0.358,0.373,0.39,0.40399999999999997,0.41200000000000003,0.42700000000000005,0.436,0.436,0.444,0.456,0.466,0.479,0.48700000000000004,0.498,0.504,0.507,0.513,0.519,0.525,0.529,0.532,0.5379999999999999,1.088,1.0819999999999999
177,Country,74.0,Ukraine,0.725,0.721,0.713,0.703,0.69,0.6859999999999999,0.684,0.6859999999999999,0.688,0.69,0.6940000000000001,0.708,0.7170000000000001,0.725,0.732,0.738,0.7440000000000001,0.7509999999999999,0.755,0.7490000000000001,0.755,0.76,0.764,0.767,0.7709999999999999,0.765,0.768,0.7709999999999999,0.774,1.558,1.553
178,Country,31.0,United Arab Emirates,0.723,0.735,0.738,0.745,0.755,0.764,0.765,0.7659999999999999,0.769,0.7759999999999999,0.782,0.787,0.792,0.7979999999999999,0.8029999999999999,0.809,0.8140000000000001,0.8190000000000001,0.821,0.8190000000000001,0.82,0.826,0.8320000000000001,0.838,0.847,0.8590000000000001,0.8640000000000001,0.8809999999999999,0.889,1.78,1.779
179,Country,13.0,United Kingdom,0.7809999999999999,0.794,0.807,0.82,0.833,0.846,0.851,0.856,0.862,0.868,0.8740000000000001,0.878,0.8809999999999999,0.885,0.892,0.897,0.8959999999999999,0.899,0.903,0.9059999999999999,0.912,0.9059999999999999,0.904,0.9209999999999999,0.925,0.9229999999999999,0.924,0.9259999999999999,0.9279999999999999,1.864,1.8599999999999999
180,Country,17.0,United States,0.865,0.867,0.872,0.877,0.88,0.883,0.884,0.8859999999999999,0.889,0.89,0.8859999999999999,0.889,0.8909999999999999,0.894,0.897,0.9,0.903,0.9059999999999999,0.9109999999999999,0.912,0.9159999999999999,0.919,0.92,0.9179999999999999,0.92,0.9209999999999999,0.922,0.924,0.925,1.8519999999999999,1.851
181,Country,55.0,Uruguay,0.6940000000000001,0.6990000000000001,0.7020000000000001,0.705,0.711,0.7120000000000001,0.718,0.7290000000000001,0.737,0.7390000000000001,0.743,0.747,0.7490000000000001,0.752,0.755,0.758,0.763,0.765,0.769,0.775,0.782,0.789,0.7929999999999999,0.8,0.8029999999999999,0.8059999999999999,0.81,0.8140000000000001,0.816,1.6340000000000001,1.633
182,Country,106.0,Uzbekistan,,,,,,,,,,,0.599,0.607,0.614,0.619,0.626,0.633,0.637,0.649,0.653,0.66,0.669,0.6759999999999999,0.685,0.6920000000000001,0.696,0.701,0.705,0.713,0.7170000000000001,1.44,1.437
183,Country,140.0,Vanuatu,,,,,,,,,,,,,,,,0.574,0.58,0.583,0.589,0.589,0.59,0.591,0.591,0.593,0.594,0.598,0.598,0.601,0.603,1.218,1.212
184,Country,113.0,Venezuela (Bolivarian Republic of),0.644,0.654,0.66,0.662,0.662,0.6659999999999999,0.6679999999999999,0.67,0.672,0.674,0.6759999999999999,0.684,0.6920000000000001,0.6920000000000001,0.7040000000000001,0.718,0.731,0.748,0.757,0.7559999999999999,0.757,0.769,0.772,0.777,0.775,0.769,0.759,0.743,0.733,1.422,1.444
185,Country,117.0,Viet Nam,0.483,0.493,0.504,0.514,0.525,0.537,0.5479999999999999,0.547,0.5670000000000001,0.574,0.586,0.594,0.602,0.611,0.62,0.624,0.632,0.64,0.647,0.659,0.6609999999999999,0.6709999999999999,0.6759999999999999,0.6809999999999999,0.6829999999999999,0.688,0.693,0.696,0.7,1.4080000000000001,1.404
186,Country,179.0,Yemen,0.401,0.401,0.40399999999999997,0.406,0.408,0.414,0.42100000000000004,0.426,0.431,0.435,0.444,0.45299999999999996,0.461,0.47,0.47700000000000004,0.483,0.488,0.49200000000000005,0.495,0.502,0.506,0.506,0.504,0.509,0.502,0.483,0.474,0.467,0.46799999999999997,0.94,0.938
187,Country,146.0,Zambia,0.42100000000000004,0.41700000000000004,0.41600000000000004,0.419,0.414,0.415,0.41600000000000004,0.41600000000000004,0.41600000000000004,0.42,0.425,0.43200000000000005,0.441,0.451,0.46,0.47100000000000003,0.48200000000000004,0.488,0.503,0.517,0.527,0.534,0.5489999999999999,0.557,0.561,0.569,0.5710000000000001,0.578,0.5820000000000001,1.168,1.166
188,Country,150.0,Zimbabwe,0.478,0.48100000000000004,0.467,0.46299999999999997,0.46,0.45299999999999996,0.45299999999999996,0.447,0.442,0.43700000000000006,0.43,0.431,0.423,0.414,0.41100000000000003,0.41100000000000003,0.414,0.42100000000000004,0.42200000000000004,0.45799999999999996,0.48200000000000004,0.499,0.525,0.537,0.547,0.5529999999999999,0.5579999999999999,0.563,0.569,1.1420000000000001,1.1400000000000001
189,Human Development,,Very high human development,0.779,0.782,0.78,0.79,0.795,0.799,0.804,0.804,0.813,0.818,0.823,0.8270000000000001,0.8320000000000001,0.8370000000000001,0.841,0.846,0.851,0.855,0.86,0.861,0.866,0.871,0.8740000000000001,0.878,0.882,0.8859999999999999,0.888,0.89,0.892,1.796,1.79
190,Human Development,,High human development,0.568,0.573,0.578,0.584,0.588,0.596,0.604,0.61,0.616,0.622,0.63,0.636,0.643,0.65,0.657,0.665,0.675,0.684,0.6920000000000001,0.698,0.706,0.713,0.72,0.727,0.733,0.738,0.743,0.746,0.75,1.506,1.5030000000000001
191,Human Development,,Medium human development,0.43700000000000006,0.439,0.445,0.451,0.457,0.46399999999999997,0.47100000000000003,0.47600000000000003,0.484,0.491,0.49700000000000005,0.502,0.508,0.518,0.527,0.536,0.544,0.5529999999999999,0.56,0.5670000000000001,0.575,0.584,0.593,0.599,0.608,0.616,0.625,0.63,0.634,1.262,1.2650000000000001
192,Human Development,,Low human development,0.35200000000000004,0.353,0.355,0.35600000000000004,0.35600000000000004,0.361,0.368,0.373,0.379,0.384,0.386,0.39299999999999996,0.402,0.41700000000000004,0.426,0.435,0.444,0.452,0.461,0.469,0.473,0.479,0.484,0.49,0.496,0.499,0.501,0.505,0.507,1.026,1.02
193,Human Development,,Developing Countries,0.516,0.52,0.525,0.53,0.534,0.541,0.547,0.5529999999999999,0.5589999999999999,0.564,0.5710000000000001,0.575,0.5820000000000001,0.589,0.597,0.605,0.614,0.622,0.629,0.635,0.642,0.65,0.657,0.6629999999999999,0.669,0.674,0.68,0.6829999999999999,0.6859999999999999,1.3780000000000001,1.375
194,Regions,,Arab States,0.556,0.5589999999999999,0.565,0.5710000000000001,0.5760000000000001,0.581,0.5870000000000001,0.594,0.599,0.607,0.613,0.62,0.624,0.63,0.64,0.647,0.653,0.6609999999999999,0.667,0.6709999999999999,0.6759999999999999,0.6809999999999999,0.687,0.688,0.691,0.695,0.6990000000000001,0.701,0.703,1.41,1.408
195,Regions,,East Asia and the Pacific,0.519,0.525,0.534,0.542,0.5489999999999999,0.5589999999999999,0.568,0.5760000000000001,0.581,0.589,0.597,0.604,0.613,0.623,0.632,0.6409999999999999,0.652,0.664,0.672,0.6809999999999999,0.691,0.7,0.7070000000000001,0.7140000000000001,0.721,0.727,0.733,0.737,0.741,1.494,1.488
196,Regions,,Europe and Central Asia,0.652,0.65,0.6459999999999999,0.643,0.638,0.642,0.6459999999999999,0.6509999999999999,0.657,0.66,0.667,0.672,0.6809999999999999,0.688,0.695,0.703,0.7120000000000001,0.718,0.723,0.726,0.735,0.7440000000000001,0.75,0.759,0.7659999999999999,0.77,0.772,0.7759999999999999,0.779,1.5819999999999999,1.5699999999999998
197,Regions,,Latin America and the Caribbean,0.628,0.634,0.639,0.644,0.65,0.6559999999999999,0.662,0.669,0.675,0.68,0.687,0.6920000000000001,0.696,0.6970000000000001,0.703,0.7070000000000001,0.713,0.7190000000000001,0.726,0.727,0.731,0.737,0.74,0.748,0.752,0.754,0.7559999999999999,0.758,0.759,1.5319999999999998,1.525
198,Regions,,South Asia,0.441,0.447,0.45399999999999996,0.46,0.466,0.473,0.48,0.486,0.49200000000000005,0.499,0.505,0.51,0.516,0.527,0.536,0.544,0.5539999999999999,0.563,0.569,0.575,0.585,0.593,0.601,0.607,0.617,0.624,0.634,0.639,0.642,1.2819999999999998,1.283
199,Regions,,Sub-Saharan Africa,0.402,0.40399999999999997,0.40399999999999997,0.406,0.40700000000000003,0.41100000000000003,0.415,0.418,0.42200000000000004,0.425,0.423,0.426,0.434,0.444,0.451,0.45899999999999996,0.469,0.47700000000000004,0.486,0.494,0.498,0.505,0.512,0.521,0.527,0.532,0.535,0.539,0.541,1.094,1.088
200,Regions,,Least Developed Countries,0.35,0.353,0.354,0.358,0.358,0.366,0.374,0.381,0.38799999999999996,0.39399999999999996,0.39899999999999997,0.40700000000000003,0.415,0.42200000000000004,0.43,0.439,0.44799999999999995,0.45799999999999996,0.467,0.47700000000000004,0.485,0.493,0.499,0.504,0.51,0.516,0.52,0.525,0.528,1.0759999999999998,1.0659999999999998
201,Regions,,Small Island Developing States,0.595,0.598,0.603,0.608,0.612,0.618,0.624,0.629,0.632,0.638,0.642,0.645,0.649,0.655,0.662,0.6679999999999999,0.6779999999999999,0.687,0.6920000000000001,0.6940000000000001,0.7020000000000001,0.706,0.7040000000000001,0.708,0.7120000000000001,0.7170000000000001,0.7190000000000001,0.722,0.723,1.456,1.451
202,Regions,,Organization for Economic Co-operation and Development,0.785,0.79,0.7879999999999999,0.8,0.807,0.812,0.8170000000000001,0.8170000000000001,0.826,0.831,0.8340000000000001,0.8390000000000001,0.843,0.848,0.852,0.856,0.86,0.8640000000000001,0.867,0.868,0.873,0.877,0.879,0.883,0.8859999999999999,0.889,0.892,0.894,0.895,1.8,1.795
203,Regions,,World,0.598,0.601,0.601,0.608,0.611,0.617,0.622,0.624,0.631,0.636,0.6409999999999999,0.6459999999999999,0.6509999999999999,0.657,0.6629999999999999,0.669,0.6759999999999999,0.682,0.688,0.691,0.6970000000000001,0.703,0.708,0.713,0.718,0.722,0.727,0.7290000000000001,0.731,1.474,1.468
